ADDRESS,LAST_USE
BY1dQAKJ5LzPc7zZFZA1GY1frqVjdQtjTCPCA5h9VV9K,2025-01-26 00:00:00.000
nMScUmojYvQdBLeT7pnM5grjsJbzEfQWqU5AJujpump,2025-01-26 00:00:00.000
BygQ5cesDC75giPvfAjGqGEZjdzcb9bt7RhBL7c7M7mE,2025-01-26 00:00:00.000
J1nzicRd4ipbLYkNmCRjF55DG1M4cyn7VQ5H4DSnX3pP,2025-01-26 00:00:00.000
2UcFCudMrH2W7PMi25yKcEsLPCpB1DnczHPxiYevnena,2025-01-26 00:00:00.000
Db7nqGm6HQWK98neaHsimrPqjkoKvR21Xzanay5WZVtu,2025-01-26 00:00:00.000
B1ndTMPf7yfRZsHUK7gZxi1i8tecLpsNb8KYzJRjXFAE,2025-01-26 00:00:00.000
SZRRAeDs7cfGkTYEUqUj9CWrzCJ1QfwTJdRJcNF9Gdr,2025-01-26 00:00:00.000
6qvKctntPrpeb8aYGCLWKFp8oagJfWNUgDJeb2aaVwkT,2025-01-26 00:00:00.000
BReJLhzAXch2noHuTmnzXrLnCLLzAMFzMRVzXxE4uCrM,2025-01-26 00:00:00.000
ï»¿